{"loss": [0.4142887592315674, 0.4140356481075287, 0.41399896144866943, 0.4140699803829193, 0.4142574071884155, 0.4138070046901703, 0.4140535593032837, 0.41355741024017334, 0.4137535095214844, 0.41392987966537476, 0.41369858384132385, 0.41413816809654236, 0.4139260947704315, 0.41372284293174744, 0.4135375916957855, 0.41379305720329285, 0.41387099027633667, 0.4138224422931671, 0.4133119285106659, 0.4140694737434387, 0.4136907458305359, 0.41376036405563354, 0.41374051570892334, 0.41370347142219543, 0.4133724868297577, 0.4137040078639984, 0.41341856122016907, 0.4140353202819824, 0.4133865237236023, 0.41359150409698486, 0.4136815369129181, 0.413301020860672, 0.41375020146369934, 0.4133380949497223, 0.41335421800613403, 0.41334113478660583, 0.4136046767234802, 0.41334858536720276, 0.41340669989585876, 0.4131964445114136, 0.41322004795074463, 0.4134412109851837, 0.41339346766471863, 0.4135240316390991, 0.41333329677581787, 0.4134567677974701, 0.4133346974849701, 0.413097083568573, 0.41335898637771606, 0.4133225381374359, 0.41375061869621277, 0.41318953037261963, 0.4129256010055542, 0.4133923053741455, 0.4130726754665375, 0.41381874680519104, 0.4134153425693512, 0.4130190908908844, 0.41317078471183777, 0.41261500120162964, 0.4130551517009735, 0.41317251324653625, 0.4134252071380615, 0.41324394941329956, 0.4128546118736267, 0.41301649808883667, 0.4132845997810364, 0.41332605481147766, 0.41311463713645935, 0.4129461348056793, 0.4131855368614197, 0.41291192173957825, 0.41332897543907166, 0.41290175914764404, 0.41291800141334534, 0.4127151370048523, 0.4122617840766907, 0.41287216544151306, 0.4129493534564972, 0.4130230247974396, 0.41291487216949463, 0.41250601410865784, 0.4127383530139923, 0.41276636719703674, 0.412905752658844, 0.4129876494407654, 0.4132229685783386, 0.4127853512763977, 0.41298818588256836, 0.412826806306839, 0.4132732152938843, 0.41311416029930115, 0.4130612313747406, 0.4128270447254181, 0.41211456060409546, 0.4130476415157318, 0.41263189911842346, 0.41310518980026245, 0.4127510190010071, 0.41304364800453186], "val_loss": [0.4400385916233063, 0.44014352560043335, 0.43956705927848816, 0.439970463514328, 0.43952834606170654, 0.44003066420555115, 0.4402522146701813, 0.4384457767009735, 0.4433754086494446, 0.4403849244117737, 0.44073235988616943, 0.4400618374347687, 0.4401755630970001, 0.4409901797771454, 0.4402061402797699, 0.43964681029319763, 0.4395335912704468, 0.4407936632633209, 0.44094976782798767, 0.43950286507606506, 0.4413357675075531, 0.4401140809059143, 0.43999922275543213, 0.44048330187797546, 0.4417436122894287, 0.440705269575119, 0.44137242436408997, 0.44155529141426086, 0.4415740370750427, 0.4434283375740051, 0.44124191999435425, 0.4414161145687103, 0.44477641582489014, 0.44119736552238464, 0.4400177597999573, 0.44064396619796753, 0.44271600246429443, 0.44120141863822937, 0.4398764669895172, 0.4411005675792694, 0.4417860805988312, 0.44116511940956116, 0.44092869758605957, 0.44021597504615784, 0.4393859803676605, 0.4394824802875519, 0.44090330600738525, 0.4432726502418518, 0.4402843713760376, 0.44342276453971863, 0.441413015127182, 0.4417305588722229, 0.44086340069770813, 0.44081664085388184, 0.4427111744880676, 0.4441642761230469, 0.44449955224990845, 0.4406964182853699, 0.442447304725647, 0.44032877683639526, 0.44106632471084595, 0.44086533784866333, 0.4416244924068451, 0.4413486123085022, 0.44186875224113464, 0.4402185082435608, 0.4413323998451233, 0.44180551171302795, 0.4410111904144287, 0.44081899523735046, 0.4417651891708374, 0.4436810314655304, 0.4419821798801422, 0.4413381516933441, 0.4406070411205292, 0.4417492747306824, 0.4418709874153137, 0.44261032342910767, 0.4415299594402313, 0.44177505373954773, 0.4434102773666382, 0.4429832994937897, 0.4441585838794708, 0.44106414914131165, 0.4411469101905823, 0.4431559145450592, 0.44195130467414856, 0.44282007217407227, 0.4416223168373108, 0.44242557883262634, 0.4415077269077301, 0.4431779980659485, 0.4426613748073578, 0.44175344705581665, 0.44172295928001404, 0.44337397813796997, 0.4430730640888214, 0.44248098134994507, 0.441873162984848, 0.44136926531791687]}